{"batch_size": 5496, "eps_root": 3.2652654549021296e-08, "l2_norm_threshold": 0.00010738289601278473, "learning_rate": 0.0005404056158579978, "max_degree": 5, "num_decoder_layers": 1, "num_encoder_layers": 1, "training_noise_multiplier": 1.7299755194401616, "trial_number": 15}