{"batch_size": 17747, "eps_root": 9.663516933344275e-09, "l2_norm_threshold": 4.798940770355538e-05, "learning_rate": 0.0008306665276145353, "max_degree": 4, "num_decoder_layers": 1, "num_encoder_layers": 2, "training_noise_multiplier": 3.6593228500760993, "trial_number": 20}