{"batch_size": 9433, "learning_rate": 0.00014472077880308106, "max_degree": 18, "negative_slope": 0.27653861313219014, "num_decoder_layers": 1, "num_encoder_layers": 2, "num_training_steps": 6708, "trial_number": 20}