{"batch_size": 7658, "l2_norm_threshold": 0.00011069337916991293, "learning_rate": 1.7422478806385884, "max_degree": 13, "num_decoder_layers": 2, "num_encoder_layers": 1, "training_noise_multiplier": 1.6921849612174127, "trial_number": 93}