{"eps_root": 4.282477280494111e-09, "learning_rate": 0.00010142091922186063, "trial_number": 15}