{"eps_root": 0.00020865534443431543, "learning_rate": 0.03102860419080631, "trial_number": 16}